5/31/2026,6/7/2026,6/14/2026,6/21/2026,6/28/2026,7/5/2026,7/12/2026,7/19/2026,7/26/2026,8/2/2026,8/9/2026,8/16/2026,8/23/2026,8/30/2026,9/6/2026,9/13/2026,9/20/2026
Yes,Yes,Yes,Yes,Yes,Yes,Yes,Yes,Yes,Yes,Yes,Yes,Yes,Yes,Yes,Yes,Yes
57/64,49/64,17/64,47/64,57/64,49/64,17/64,47/64,57/64,49/64,17/64,47/64,57/64,49/64,17/64,47/64,57/64
29/32,3/4,7/32,19/32,29/32,3/4,7/32,19/32,29/32,3/4,7/32,19/32,29/32,3/4,7/32,19/32,29/32
9/32,39/64,5.75 MM,23/32,9/32,39/64,5.75 MM,23/32,9/32,39/64,5.75 MM,23/32,9/32,39/64,5.75 MM,23/32,9/32
7/32,31/64,5.75 RR,14.5MM,7/32,31/64,5.75 RR,14.5MM,7/32,31/64,5.75 RR,14.5MM,7/32,31/64,5.75 RR,14.5MM,7/32
5/16,25/64,15/64,37/64,5/16,25/64,15/64,37/64,5/16,25/64,15/64,37/64,5/16,25/64,15/64,37/64,5/16
5/8,10MM,1/4,15/32,5/8,10MM,1/4,15/32,5/8,10MM,1/4,15/32,5/8,10MM,1/4,15/32,5/8
1/2,1-5/32,9/32,12MM,1/2,1-5/32,9/32,12MM,1/2,1-5/32,9/32,12MM,1/2,1-5/32,9/32,12MM,1/2
13/32,1-11/64,19/64,3/8,13/32,1-11/64,19/64,3/8,13/32,1-11/64,19/64,3/8,13/32,1-11/64,19/64,3/8,13/32
41/64,1-3/16,57/64,1-5/64,41/64,1-3/16,57/64,1-5/64,41/64,1-3/16,57/64,1-5/64,41/64,1-3/16,57/64,1-5/64,41/64
33/64,1-13/64,29/32,1-3/32,33/64,1-13/64,29/32,1-3/32,33/64,1-13/64,29/32,1-3/32,33/64,1-13/64,29/32,1-3/32,33/64
15/16,1-7/32,5/16,1-7/64,15/16,1-7/32,5/16,1-7/64,15/16,1-7/32,5/16,1-7/64,15/16,1-7/32,5/16,1-7/64,15/16
31/32,19/32,25/32,1-1/8,31/32,19/32,25/32,1-1/8,31/32,19/32,25/32,1-1/8,31/32,19/32,25/32,1-1/8,31/32
63/64,23/32,5/8,1-9/64,63/64,23/32,5/8,1-9/64,63/64,23/32,5/8,1-9/64,63/64,23/32,5/8,1-9/64,63/64
1-21/64,37/64,16MM,49/64,1-21/64,37/64,16MM,49/64,1-21/64,37/64,16MM,49/64,1-21/64,37/64,16MM,49/64,1-21/64
1-11/32,3/8,12.5MM,31/64,1-11/32,3/8,12.5MM,31/64,1-11/32,3/8,12.5MM,31/64,1-11/32,3/8,12.5MM,31/64,1-11/32
34.4MM,1-1/8,1/2,1-5/32,34.4MM,1-1/8,1/2,1-5/32,34.4MM,1-1/8,1/2,1-5/32,34.4MM,1-1/8,1/2,1-5/32,34.4MM
1-23/64,53/64,13/32,1-3/16,1-23/64,53/64,13/32,1-3/16,1-23/64,53/64,13/32,1-3/16,1-23/64,53/64,13/32,1-3/16,1-23/64
1-3/8,13/16,21/64,13/16,1-3/8,13/16,21/64,13/16,1-3/8,13/16,21/64,13/16,1-3/8,13/16,21/64,13/16,1-3/8
1-25/64,21/32,51/64,21/32,1-25/64,21/32,51/64,21/32,1-25/64,21/32,51/64,21/32,1-25/64,21/32,51/64,21/32,1-25/64
1-13/32,17/32,41/64,17/32,1-13/32,17/32,41/64,17/32,1-13/32,17/32,41/64,17/32,1-13/32,17/32,41/64,17/32,1-13/32
1-27/64,55/64,33/64,55/64,1-27/64,55/64,33/64,55/64,1-27/64,55/64,33/64,55/64,1-27/64,55/64,33/64,55/64,1-27/64
1-7/16,11/16,27/64,27/32,1-7/16,11/16,27/64,27/32,1-7/16,11/16,27/64,27/32,1-7/16,11/16,27/64,27/32,1-7/16
1-29/64,35/64,59/64,43/64,1-29/64,35/64,59/64,43/64,1-29/64,35/64,59/64,43/64,1-29/64,35/64,59/64,43/64,1-29/64
1-15/32,14MM,15/16,11/16,1-15/32,14MM,15/16,11/16,1-15/32,14MM,15/16,11/16,1-15/32,14MM,15/16,11/16,1-15/32
1-31/64,7/16,61/64,35/64,1-31/64,7/16,61/64,35/64,1-31/64,7/16,61/64,35/64,1-31/64,7/16,61/64,35/64,1-31/64
1-1/2,11/32,31/32,14MM,1-1/2,11/32,31/32,14MM,1-1/2,11/32,31/32,14MM,1-1/2,11/32,31/32,14MM,1-1/2
1-33/64,45/64,63/64,7/16,1-33/64,45/64,63/64,7/16,1-33/64,45/64,63/64,7/16,1-33/64,45/64,63/64,7/16,1-33/64
1-17/32,18MM,,7/8,1-17/32,18MM,,7/8,1-17/32,18MM,,7/8,1-17/32,18MM,,7/8,1-17/32
1-35/64,9/16,,9/16,1-35/64,9/16,,9/16,1-35/64,9/16,,9/16,1-35/64,9/16,,9/16,1-35/64
1-9/16,29/64,,1,1-9/16,29/64,,1,1-9/16,29/64,,1,1-9/16,29/64,,1,1-9/16
1-15/64,23/64,,1-1/64,1-15/64,23/64,,1-1/64,1-15/64,23/64,,1-1/64,1-15/64,23/64,,1-1/64,1-15/64
1-1/4,1,,1-1/32,1-1/4,1,,1-1/32,1-1/4,1,,1-1/32,1-1/4,1,,1-1/32,1-1/4
1-17/64,1-1/16,,1-3/64,1-17/64,1-1/16,,1-3/64,1-17/64,1-1/16,,1-3/64,1-17/64,1-1/16,,1-3/64,1-17/64
1-9/32,,,1-1/16,1-9/32,,,1-1/16,1-9/32,,,1-1/16,1-9/32,,,1-1/16,1-9/32
1-19/64,,,27MM,1-19/64,,,27MM,1-19/64,,,27MM,1-19/64,,,27MM,1-19/64
1-5/16,,,,1-5/16,,,,1-5/16,,,,1-5/16,,,,1-5/16